-- MySQL dump 10.13  Distrib 8.0.27, for Linux (x86_64)
--
-- Host: localhost    Database: vk21
-- ------------------------------------------------------
-- Server version	8.0.27

/*!40101 SET @OLD_CHARACTER_SET_CLIENT=@@CHARACTER_SET_CLIENT */;
/*!40101 SET @OLD_CHARACTER_SET_RESULTS=@@CHARACTER_SET_RESULTS */;
/*!40101 SET @OLD_COLLATION_CONNECTION=@@COLLATION_CONNECTION */;
/*!50503 SET NAMES utf8mb4 */;
/*!40103 SET @OLD_TIME_ZONE=@@TIME_ZONE */;
/*!40103 SET TIME_ZONE='+00:00' */;
/*!40014 SET @OLD_UNIQUE_CHECKS=@@UNIQUE_CHECKS, UNIQUE_CHECKS=0 */;
/*!40014 SET @OLD_FOREIGN_KEY_CHECKS=@@FOREIGN_KEY_CHECKS, FOREIGN_KEY_CHECKS=0 */;
/*!40101 SET @OLD_SQL_MODE=@@SQL_MODE, SQL_MODE='NO_AUTO_VALUE_ON_ZERO' */;
/*!40111 SET @OLD_SQL_NOTES=@@SQL_NOTES, SQL_NOTES=0 */;

--
-- Table structure for table `clients`
--

DROP TABLE IF EXISTS `clients`;
/*!40101 SET @saved_cs_client     = @@character_set_client */;
/*!50503 SET character_set_client = utf8mb4 */;
CREATE TABLE `clients` (
  `num_clie` int NOT NULL AUTO_INCREMENT COMMENT 'Codi de client i clau primària',
  `societat` varchar(20) NOT NULL COMMENT 'Nom del client o empresa',
  `ven_clie` int DEFAULT NULL COMMENT 'Codi del venedor assignat al client',
  `credit` int DEFAULT NULL COMMENT 'Límit de credit que té el client',
  `pais` int DEFAULT NULL COMMENT 'País origen del client o societat',
  `idioma` enum('Alemany','Castella','Catala','Angles','Italia','Frances','Rus') DEFAULT 'Angles' COMMENT 'Idioma principal que utilitza el client',
  PRIMARY KEY (`num_clie`),
  KEY `ven_clie` (`ven_clie`),
  KEY `pais` (`pais`),
  CONSTRAINT `clients_ibfk_1` FOREIGN KEY (`ven_clie`) REFERENCES `venedors` (`num_ven`) ON DELETE SET NULL ON UPDATE CASCADE,
  CONSTRAINT `clients_ibfk_2` FOREIGN KEY (`pais`) REFERENCES `pais` (`num_pais`) ON DELETE SET NULL ON UPDATE CASCADE
) ENGINE=InnoDB AUTO_INCREMENT=2125 DEFAULT CHARSET=latin1;
/*!40101 SET character_set_client = @saved_cs_client */;

--
-- Dumping data for table `clients`
--

LOCK TABLES `clients` WRITE;
/*!40000 ALTER TABLE `clients` DISABLE KEYS */;
INSERT INTO `clients` VALUES (2101,'Jones Mfg',106,65000,3,'Angles'),(2102,'First Corp',101,65000,3,'Angles'),(2103,'Acme Mfg',105,50000,1,'Angles'),(2105,'AAA Investments',101,45000,2,'Catala'),(2106,'Fred Lewis Corp.',102,65000,5,'Frances'),(2107,'Ace International',110,35000,2,'Castella'),(2108,'Holm & Landis',109,55000,6,'Catala'),(2109,'Chen Associates',107,25000,1,'Alemany'),(2110,'Pfizer-Biontech',105,150400,8,'Angles'),(2111,'JCP Inc',103,50000,6,'Alemany'),(2112,'Zetacorp',108,50000,4,'Italia'),(2113,'Ian & Schmidt',104,20000,3,'Angles'),(2114,'Orion Corp',102,20000,4,'Italia'),(2115,'Smithson Corp',101,20000,4,'Italia'),(2117,'J.P. Sinclair',106,35000,1,'Angles'),(2118,'Midwest Systems',108,60000,2,'Castella'),(2119,'Solomon Inc',109,25000,5,'Frances'),(2120,'Rico Enterprises',102,50000,6,'Angles'),(2121,'QMA Assoc',103,45000,3,'Angles'),(2122,'Three-Way Lines',105,30000,6,'Frances'),(2123,'Carter & Sons',102,40000,7,'Rus'),(2124,'Peter Brothers',107,40000,4,'Angles');
/*!40000 ALTER TABLE `clients` ENABLE KEYS */;
UNLOCK TABLES;

--
-- Table structure for table `comandes`
--

DROP TABLE IF EXISTS `comandes`;
/*!40101 SET @saved_cs_client     = @@character_set_client */;
/*!50503 SET character_set_client = utf8mb4 */;
CREATE TABLE `comandes` (
  `num_comanda` int NOT NULL AUTO_INCREMENT COMMENT 'Codi de la comanda i clau primària',
  `descripcio` varchar(60) DEFAULT 'Comanda articles diversos...' COMMENT 'Descripció general de la comanda - Opcional',
  `data_comanda` date NOT NULL COMMENT 'Data en que es crea la comanda, NO pot ser NULL',
  `clie` int NOT NULL COMMENT 'Codi del client de la comanda - Clau forana de clients - No permet NULL',
  `ven` int DEFAULT NULL COMMENT 'Codi del venedor que ha fet la venda - clau forana de venedors',
  `iva` int unsigned NOT NULL DEFAULT '21' COMMENT 'Valor percentual aplicable com impost de venda - No permet NULL',
  `dte` int DEFAULT '0' COMMENT 'Valor percentual de descompte de la comanda - En cas de NULL valor es 0',
  PRIMARY KEY (`num_comanda`),
  KEY `clie` (`clie`),
  KEY `ven` (`ven`),
  CONSTRAINT `comandes_ibfk_1` FOREIGN KEY (`clie`) REFERENCES `clients` (`num_clie`) ON UPDATE CASCADE,
  CONSTRAINT `comandes_ibfk_2` FOREIGN KEY (`ven`) REFERENCES `venedors` (`num_ven`) ON DELETE SET NULL ON UPDATE CASCADE
) ENGINE=InnoDB AUTO_INCREMENT=113240 DEFAULT CHARSET=latin1;
/*!40101 SET character_set_client = @saved_cs_client */;

--
-- Dumping data for table `comandes`
--

LOCK TABLES `comandes` WRITE;
/*!40000 ALTER TABLE `comandes` DISABLE KEYS */;
INSERT INTO `comandes` VALUES (112885,'Autoservei','1989-06-15',2102,101,16,0),(112950,'Autoservei','1995-11-21',2107,110,16,0),(112963,'Comanda client VIP','1995-12-17',2103,105,21,0),(112968,'Comanda client VIP','1989-12-10',2102,101,21,0),(112975,'Comanda client VIP','1989-10-12',2111,103,21,0),(112979,'Comanda client VIP','1989-12-10',2114,102,21,0),(112983,'Comanda client VIP','1995-12-27',2103,105,21,0),(112987,'Comanda articles diversos...','1995-12-31',2103,105,21,5),(112989,'Comanda articles diversos...','1990-01-03',2101,106,21,5),(112992,'Comanda articles diversos...','1995-11-04',2118,108,21,10),(112993,'Comanda articles diversos...','1989-01-04',2106,102,21,10),(112997,'Comanda articles diversos...','2001-08-01',2124,107,21,0),(113003,'Comanda articles diversos...','2001-01-25',2108,109,21,0),(113007,'Comanda articles diversos...','1990-08-01',2112,108,21,0),(113012,'Comanda articles diversos...','1996-11-01',2111,105,21,0),(113013,'Comanda articles diversos...','1990-01-14',2118,108,21,0),(113024,'Comanda articles diversos...','1990-01-20',2114,108,21,0),(113027,'Comanda articles diversos...','1996-01-22',2103,105,21,0),(113034,'Comanda web','1990-01-29',2107,110,21,0),(113042,'Comanda web','1990-02-02',2113,101,21,0),(113045,'Comanda web','1990-02-02',2112,108,21,0),(113048,'Comanda web','1990-02-10',2120,102,21,0),(113049,'Comanda web','1990-10-02',2118,108,21,0),(113051,'Comanda web','1990-10-02',2118,108,21,25),(113055,'Comanda web','1990-02-15',2108,101,21,25),(113057,'Comanda articles diversos...','1990-02-18',2111,103,21,15),(113058,'Comanda articles diversos...','1990-02-23',2108,109,21,15),(113062,'Comanda articles diversos...','1990-02-24',2124,107,21,5),(113065,'Comanda articles diversos...','1990-02-27',2106,102,21,3),(113069,'Comanda articles diversos...','2001-02-03',2109,107,21,3),(113070,'Comanda extra','2020-10-10',2110,105,21,25),(113071,'Comanda client VIP','2020-10-27',2111,105,21,5),(113072,'Comanda client VIP','2020-10-27',2102,101,21,0),(113073,'Comanda client VIP','2020-10-27',2111,103,21,0),(113074,'Comanda client VIP','2020-10-27',2114,102,21,0),(113075,'Comanda client VIP','2020-10-27',2103,105,21,10),(113076,'Comanda articles diversos...','2020-10-27',2103,105,21,5),(113077,'Comanda articles diversos...','2020-10-27',2101,106,21,5),(113078,'Comanda articles diversos...','2020-10-28',2118,108,21,10),(113079,'Comanda articles diversos...','2020-10-28',2106,102,21,10),(113080,'Comanda articles diversos...','2020-10-29',2124,107,21,21),(113081,'Comanda articles diversos...','2020-10-29',2108,109,21,21),(113082,'Comanda articles diversos...','2020-10-29',2112,108,21,21),(113083,'Comanda articles diversos...','2020-10-30',2111,105,21,21),(113084,'Comanda articles diversos...','2020-11-03',2118,108,21,3),(113085,'Comanda articles diversos...','2020-11-05',2114,108,21,3),(113086,'Comanda articles diversos...','2020-11-09',2103,105,21,10),(113087,'Comanda web','2020-11-25',2107,110,21,10),(113088,'Comanda web','2020-11-28',2113,101,21,10),(113089,'Comanda web','2020-12-04',2112,108,21,0),(113090,'Comanda web','2020-12-15',2120,102,21,0),(113091,'Comanda web','2020-12-27',2118,108,21,0),(113092,'Comanda web','2020-12-31',2118,108,21,25),(113093,'Comanda web','2020-12-31',2108,101,21,25),(113094,'Comanda articles diversos...','2020-12-31',2103,105,21,15),(113095,'Comanda articles diversos...','2021-01-05',2101,106,21,15),(113096,'Comanda articles diversos...','2021-01-08',2124,107,21,5),(113097,'Comanda articles diversos...','2021-01-11',2106,102,21,40),(113098,'Comanda articles diversos...','2021-01-18',2109,107,21,3),(113099,'Comanda articles diversos...','2021-01-20',2102,101,21,3),(113100,'Comanda client VIP','2013-10-15',2110,101,21,10),(113101,'Autoservei','2018-05-25',2118,108,21,5),(113102,'Comanda articles diversos...','2020-09-03',2113,105,21,0),(113103,'Comanda articles diversos...','2018-10-02',2110,106,21,3),(113104,'Comanda client VIP','2014-12-20',2114,101,21,3),(113105,'Comanda web','2013-02-11',2105,105,21,3),(113106,'Comanda articles diversos...','2014-02-18',2102,103,21,5),(113107,'Comanda web','2019-03-26',2119,107,21,5),(113108,'Comanda extra','2019-12-20',2124,103,21,5),(113109,'Comanda extra','2012-11-09',2112,103,21,15),(113110,'Comanda web','2017-05-29',2107,104,21,0),(113111,'Comanda articles diversos...','2015-07-08',2101,106,21,5),(113112,'Comanda extra','2014-06-11',2122,102,21,15),(113113,'Comanda web','2014-10-16',2102,106,21,0),(113114,'Comanda articles diversos...','2017-02-09',2123,106,21,0),(113115,'Comanda client VIP','2018-05-28',2107,102,21,25),(113116,'Comanda web','2018-12-03',2117,103,21,3),(113117,'Comanda client VIP','2017-04-16',2118,110,21,5),(113118,'Comanda web','2018-07-27',2120,106,21,0),(113119,'Comanda client VIP','2019-02-09',2102,105,21,21),(113120,'Autoservei','2019-01-31',2117,110,21,40),(113121,'Comanda extra','2017-11-24',2105,109,21,21),(113122,'Autoservei','2019-12-08',2112,106,21,21),(113123,'Comanda extra','2013-01-14',2123,108,21,0),(113124,'Comanda client VIP','2021-10-06',2102,105,21,0),(113125,'Comanda web','2020-10-29',2114,103,21,25),(113126,'Comanda web','2015-12-03',2107,101,21,3),(113127,'Comanda client VIP','2012-05-06',2117,101,21,5),(113128,'Comanda articles diversos...','2013-06-24',2114,106,21,10),(113129,'Comanda web','2014-09-07',2120,106,21,15),(113130,'Comanda client VIP','2016-06-27',2114,104,21,15),(113131,'Comanda web','2015-04-20',2119,105,21,25),(113132,'Comanda client VIP','2015-07-21',2109,109,21,3),(113133,'Comanda web','2021-08-12',2120,107,21,25),(113134,'Comanda extra','2021-08-21',2120,108,21,21),(113135,'Comanda articles diversos...','2014-08-12',2120,107,21,0),(113136,'Comanda articles diversos...','2017-10-23',2105,107,21,21),(113137,'Comanda articles diversos...','2014-06-07',2118,101,21,10),(113138,'Comanda web','2015-03-31',2121,108,21,25),(113139,'Autoservei','2016-09-14',2121,108,21,21),(113140,'Autoservei','2019-02-11',2102,107,21,5),(113141,'Comanda extra','2019-10-04',2113,110,21,15),(113142,'Comanda web','2020-12-18',2111,106,21,21),(113143,'Comanda client VIP','2020-07-11',2124,107,21,21),(113144,'Comanda web','2021-06-16',2118,105,21,3),(113145,'Autoservei','2016-10-01',2124,103,21,21),(113146,'Comanda extra','2018-06-21',2120,104,21,15),(113147,'Comanda articles diversos...','2014-11-13',2113,101,21,3),(113148,'Comanda client VIP','2012-02-06',2118,109,21,5),(113149,'Comanda articles diversos...','2015-07-03',2107,101,21,40),(113150,'Comanda articles diversos...','2012-05-04',2108,110,21,25),(113151,'Comanda web','2013-09-25',2111,103,21,5),(113152,'Comanda extra','2012-09-26',2105,108,21,40),(113153,'Comanda web','2014-02-01',2110,108,21,3),(113154,'Comanda client VIP','2016-10-29',2111,108,21,25),(113155,'Comanda articles diversos...','2018-11-09',2114,102,21,40),(113156,'Comanda articles diversos...','2014-06-12',2112,110,21,10),(113157,'Comanda client VIP','2020-05-24',2113,101,21,3),(113158,'Comanda extra','2013-04-03',2108,103,21,3),(113159,'Comanda extra','2020-09-19',2124,106,21,25),(113160,'Comanda client VIP','2019-02-13',2123,101,21,10),(113161,'Comanda client VIP','2019-03-16',2121,106,21,5),(113162,'Comanda articles diversos...','2020-12-14',2110,102,21,15),(113163,'Comanda client VIP','2019-09-14',2102,102,21,15),(113164,'Comanda web','2016-03-13',2123,110,21,15),(113165,'Autoservei','2018-04-07',2118,103,21,40),(113166,'Autoservei','2021-03-11',2106,102,21,15),(113167,'Comanda extra','2016-07-27',2123,105,21,15),(113168,'Comanda articles diversos...','2014-09-02',2106,102,21,15),(113169,'Autoservei','2012-08-15',2106,102,21,3),(113170,'Comanda articles diversos...','2013-08-18',2114,104,21,21),(113171,'Comanda web','2021-05-05',2102,109,21,21),(113172,'Autoservei','2018-06-17',2110,102,21,10),(113173,'Comanda client VIP','2017-01-18',2103,107,21,3),(113174,'Comanda extra','2014-08-31',2101,108,21,25),(113175,'Comanda extra','2017-02-07',2106,104,21,15),(113176,'Autoservei','2017-09-04',2123,101,21,25),(113177,'Comanda extra','2012-10-18',2106,107,21,0),(113178,'Comanda articles diversos...','2017-06-30',2113,107,21,0),(113179,'Comanda web','2015-07-23',2119,108,21,15),(113180,'Comanda client VIP','2018-12-17',2102,102,21,5),(113181,'Comanda extra','2021-04-26',2106,106,21,10),(113182,'Comanda web','2018-03-26',2110,106,21,15),(113183,'Autoservei','2020-12-09',2117,108,21,10),(113184,'Comanda web','2012-07-12',2102,108,21,15),(113185,'Comanda articles diversos...','2016-02-29',2120,104,21,15),(113186,'Comanda articles diversos...','2013-09-30',2109,109,21,21),(113187,'Autoservei','2018-06-06',2101,109,21,25),(113188,'Autoservei','2019-07-22',2102,103,21,25),(113189,'Autoservei','2013-08-08',2108,107,21,25),(113190,'Comanda web','2020-12-30',2102,101,21,10),(113191,'Comanda extra','2014-11-04',2114,106,21,25),(113192,'Autoservei','2020-05-08',2123,104,21,21),(113193,'Comanda client VIP','2015-09-25',2110,107,21,3),(113194,'Comanda client VIP','2021-10-09',2120,110,21,21),(113195,'Comanda web','2013-05-23',2112,109,21,0),(113196,'Comanda client VIP','2020-11-08',2121,106,21,15),(113197,'Comanda web','2021-09-16',2109,108,21,3),(113198,'Comanda client VIP','2021-06-30',2106,105,21,3),(113199,'Comanda web','2020-11-27',2103,101,21,25),(113200,'Comanda client VIP','2016-02-01',2124,108,21,25),(113201,'Comanda web','2016-11-05',2120,101,21,0),(113202,'Comanda extra','2015-04-05',2124,101,21,21),(113203,'Comanda client VIP','2015-12-08',2109,108,21,5),(113204,'Autoservei','2018-03-06',2102,104,21,15),(113205,'Autoservei','2018-07-22',2114,103,21,0),(113206,'Comanda extra','2017-05-28',2121,104,21,40),(113207,'Comanda client VIP','2020-12-07',2121,108,21,3),(113208,'Comanda extra','2016-01-16',2108,107,21,21),(113209,'Comanda client VIP','2015-10-04',2109,107,21,25),(113210,'Comanda client VIP','2020-06-09',2124,109,21,0),(113211,'Comanda articles diversos...','2018-03-26',2123,108,21,5),(113212,'Autoservei','2013-06-22',2109,104,21,25),(113213,'Comanda web','2013-01-11',2124,103,21,25),(113214,'Comanda extra','2016-11-30',2121,103,21,15),(113215,'Comanda client VIP','2012-01-08',2124,108,21,0),(113216,'Comanda articles diversos...','2019-12-31',2113,109,21,10),(113217,'Autoservei','2017-01-20',2101,108,21,10),(113218,'Autoservei','2021-07-20',2121,105,21,3),(113219,'Comanda client VIP','2014-12-01',2107,105,21,0),(113220,'Comanda extra','2020-04-13',2115,110,21,25),(113221,'Comanda web','2018-01-17',2124,102,21,5),(113222,'Comanda client VIP','2012-05-12',2106,102,21,25),(113223,'Comanda articles diversos...','2013-06-05',2111,106,21,5),(113224,'Comanda web','2016-10-27',2108,107,21,0),(113225,'Comanda articles diversos...','2014-01-13',2117,101,21,25),(113226,'Comanda client VIP','2013-07-10',2119,102,21,40),(113227,'Comanda articles diversos...','2017-12-22',2112,107,21,5),(113228,'Comanda client VIP','2013-04-26',2108,102,21,10),(113229,'Autoservei','2015-10-21',2123,106,21,10),(113230,'Comanda web','2012-02-08',2105,107,21,0),(113231,'Comanda articles diversos...','2017-12-11',2111,107,21,0),(113232,'Comanda client VIP','2017-12-12',2107,104,21,5),(113233,'Comanda extra','2017-09-14',2112,102,21,10),(113234,'Comanda web','2016-12-13',2120,102,21,0),(113235,'Autoservei','2012-04-27',2120,105,21,21),(113236,'Comanda articles diversos...','2014-08-03',2105,105,21,21),(113237,'Comanda articles diversos...','2014-03-06',2111,110,21,15),(113238,'Comanda client VIP','2015-05-21',2119,103,21,3),(113239,'Comanda web','2020-04-06',2120,109,21,5);
/*!40000 ALTER TABLE `comandes` ENABLE KEYS */;
UNLOCK TABLES;

--
-- Table structure for table `detall`
--

DROP TABLE IF EXISTS `detall`;
/*!40101 SET @saved_cs_client     = @@character_set_client */;
/*!50503 SET character_set_client = utf8mb4 */;
CREATE TABLE `detall` (
  `num_comanda` int NOT NULL,
  `fab` char(3) NOT NULL DEFAULT '',
  `producte` char(5) NOT NULL DEFAULT '',
  `quantitat` int unsigned NOT NULL,
  `preu` decimal(8,2) unsigned DEFAULT NULL,
  PRIMARY KEY (`num_comanda`,`fab`,`producte`),
  KEY `fab` (`fab`,`producte`),
  CONSTRAINT `detall_ibfk_1` FOREIGN KEY (`num_comanda`) REFERENCES `comandes` (`num_comanda`) ON DELETE CASCADE ON UPDATE CASCADE,
  CONSTRAINT `detall_ibfk_2` FOREIGN KEY (`fab`, `producte`) REFERENCES `productes` (`id_fab`, `id_producte`) ON UPDATE CASCADE
) ENGINE=InnoDB DEFAULT CHARSET=latin1;
/*!40101 SET character_set_client = @saved_cs_client */;

--
-- Dumping data for table `detall`
--

LOCK TABLES `detall` WRITE;
/*!40000 ALTER TABLE `detall` DISABLE KEYS */;
INSERT INTO `detall` VALUES (112885,'imm','887p',2,375.00),(112950,'foo','112',5,148.00),(112963,'aci','41004',28,117.00),(112968,'aci','41004',34,117.00),(112975,'aci','4100x',5,25.00),(112975,'foo','114',10,243.00),(112975,'rei','2a44g',6,350.00),(112979,'aci','4100z',6,2500.00),(112983,'aci','41004',6,117.00),(112987,'aci','4100y',11,2750.00),(112989,'foo','114',6,243.00),(112992,'aci','41002',10,76.00),(112993,'rei','2a45c',24,79.00),(112997,'bic','41003',1,652.00),(113003,'imm','779c',3,1875.00),(113007,'imm','773c',3,975.00),(113012,'aci','41003',35,107.00),(113013,'bic','41003',1,652.00),(113024,'qsa','xk47',20,355.00),(113027,'aci','41002',54,76.00),(113034,'rei','2a45c',8,79.00),(113042,'aci','41001',5,55.00),(113042,'rei','2a44r',5,4500.00),(113045,'rei','2a44r',10,4500.00),(113045,'rei','2a45c',30,79.00),(113048,'imm','779c',2,1875.00),(113049,'qsa','xk47',2,355.00),(113051,'qsa','xk47',4,355.00),(113055,'aci','4100x',6,25.00),(113055,'bic','41003',1,652.00),(113055,'rei','2a45c',10,79.00),(113057,'aci','4100x',24,25.00),(113058,'foo','112',10,148.00),(113062,'foo','114',10,243.00),(113065,'qsa','xk47',6,355.00),(113069,'imm','775c',22,1425.00),(113069,'imm','887p',4,375.00),(113070,'aci','41001',5,82.50),(113070,'bio','110',5,55.00),(113070,'bio','41001',15,20.00),(113070,'bio','41002',25,15.00),(113071,'bio','110',12,55.00),(113072,'bio','112',8,85.00),(113073,'bio','113',3,64.00),(113073,'bio','114',2,36.00),(113074,'bio','111',4,95.00),(113074,'bio','113',10,64.00),(113075,'bio','111',50,95.00),(113075,'bio','112',40,85.00),(113076,'bio','41003',16,40.00),(113077,'bio','111',10,142.50),(113077,'bio','41002',8,15.00),(113078,'bio','110',18,55.00),(113079,'aci','41003',10,107.00),(113079,'bio','41003',3,40.00),(113080,'foo','112',10,148.00),(113081,'aci','41003',10,107.00),(113081,'bio','41003',8,60.00),(113082,'aci','41004',80,117.00),(113083,'aci','4100x',6,25.00),(113084,'imm','887p',14,250.00),(113085,'imm','887h',9,54.00),(113086,'imm','775c',3,1425.00),(113086,'imm','887h',5,54.00),(113087,'bio','112',9,127.50),(113087,'imm','773c',9,975.00),(113087,'imm','887h',15,81.00),(113088,'imm','773c',7,975.00),(113089,'imm','887x',21,475.00),(113089,'qsa','xk47',30,355.00),(113090,'qsa','xk48',42,134.00),(113090,'rei','2a44r',14,6750.00),(113091,'qsa','xk48',32,134.00),(113091,'rei','2a45c',5,118.50),(113092,'qsa','xk48',12,134.00),(113092,'qsa','xk48a',12,117.00),(113093,'rei','2a44l',8,4500.00),(113093,'rei','2a45c',10,118.50),(113094,'rei','2a44r',3,4500.00),(113095,'rei','2a44l',2,4500.00),(113095,'rei','2a45c',15,79.00),(113096,'foo','112',18,148.00),(113096,'foo','114',3,243.00),(113097,'imm','887h',20,54.00),(113097,'imm','887p',12,375.00),(113098,'imm','887p',4,250.00),(113099,'bio','111',3,95.00),(113099,'bio','112',6,85.00),(113099,'bio','114',2,36.00),(113099,'bio','41001',4,20.00),(113099,'bio','41002',3,15.00),(113099,'bio','41003',7,40.00),(113100,'aci','41002',310,114.00),(113100,'aci','4100x',9,37.50),(113100,'bio','110',1527,82.50),(113100,'imm','887h',450,81.00),(113100,'imm','887x',27,712.50),(113100,'qsa','xk47',17,532.50),(113100,'rei','2a44r',10,675.00),(113101,'aci','4100x',66,37.50),(113101,'aci','4100z',78,1800.00),(113101,'bio','113',1497,96.00),(113101,'foo','114',313,390.00),(113101,'imm','775c',3,2137.50),(113101,'imm','779c',19,2812.50),(113102,'bic','41672',29,270.00),(113102,'bio','41001',456,30.00),(113102,'bio','41003',889,60.00),(113102,'inc','kd90z',0,20990.00),(113102,'rei','2a44g',15,525.00),(113103,'aci','41004',144,175.50),(113103,'aci','4100x',24,37.50),(113103,'bio','113',247,96.00),(113103,'imm','773c',7,1462.50),(113103,'imm','887x',11,712.50),(113103,'rei','2a44r',5,675.00),(113104,'bio','41003',1155,60.00),(113104,'imm','773c',15,1462.50),(113104,'imm','779c',2,2812.50),(113104,'inc','kd55g',1,4500.00),(113104,'qsa','xk48a',1,175.50),(113105,'aci','4100z',73,1800.00),(113105,'bic','41089',53,337.50),(113105,'bio','41001',927,30.00),(113105,'imm','887h',207,81.00),(113105,'qsa','xk48a',50,175.50),(113106,'imm','775c',4,2137.50),(113106,'rei','2a44l',3,675.00),(113107,'imm','773c',3,1462.50),(113107,'imm','775c',0,2137.50),(113107,'qsa','xk48',323,201.00),(113107,'rei','2a44g',41,525.00),(113108,'aci','4100z',7,1800.00),(113108,'bio','113',2369,96.00),(113108,'imm','773c',27,1462.50),(113108,'imm','779c',2,2812.50),(113108,'inc','kd55x',7,4900.00),(113108,'qsa','xk47',3,532.50),(113108,'rei','2a44r',10,675.00),(113109,'aci','41001',111,82.50),(113109,'aci','4100x',53,37.50),(113109,'bio','41001',1060,30.00),(113109,'bio','41003',28,60.00),(113109,'imm','775c',0,2137.50),(113109,'imm','887p',28,375.00),(113110,'aci','41001',229,82.50),(113110,'bic','41003',15,978.00),(113110,'imm','887p',15,375.00),(113110,'rei','2a44g',19,525.00),(113110,'rei','2a44l',1,675.00),(113111,'aci','4100y',39,412.50),(113111,'bio','41003',86,60.00),(113112,'inc','kd65z',0,9900.00),(113113,'aci','41003',436,160.50),(113113,'bic','41672',49,270.00),(113113,'bio','110',704,82.50),(113113,'bio','113',27,96.00),(113113,'imm','887x',14,712.50),(113113,'inc','kd65x',2,6900.00),(113114,'imm','887x',31,712.50),(113114,'inc','kd55g',2,4500.00),(113115,'imm','887p',0,375.00),(113115,'rei','2a44g',37,525.00),(113115,'rei','2a44r',12,675.00),(113116,'aci','41004',68,175.50),(113117,'aci','41003',189,160.50),(113117,'bic','41003',29,978.00),(113117,'bio','41003',1299,60.00),(113117,'foo','112',87,148.00),(113117,'rei','2a44l',0,675.00),(113117,'rei','2a44r',5,675.00),(113118,'aci','4100x',21,37.50),(113118,'bic','41672',38,270.00),(113118,'imm','775c',3,2137.50),(113118,'imm','887x',22,712.50),(113118,'qsa','xk47',3,532.50),(113118,'rei','2a44g',27,525.00),(113119,'bio','41002',57,22.50),(113119,'imm','887p',30,375.00),(113119,'imm','887x',17,712.50),(113119,'inc','kd65x',0,6900.00),(113119,'inc','kd90z',2,20990.00),(113119,'qsa','xk48',289,201.00),(113119,'rei','2a44l',3,675.00),(113120,'aci','4100z',57,1800.00),(113120,'bic','41003',31,978.00),(113120,'bic','41089',75,337.50),(113120,'bio','110',753,82.50),(113120,'foo','114',408,390.00),(113120,'imm','779c',24,2812.50),(113120,'qsa','xk48',35,201.00),(113121,'bio','111',120,142.50),(113121,'imm','773c',9,1462.50),(113121,'inc','kd55g',21,4500.00),(113121,'inc','kd55x',1,4900.00),(113122,'aci','41002',424,114.00),(113122,'foo','114',146,390.00),(113122,'inc','kd65x',3,6900.00),(113122,'inc','kd90z',3,20990.00),(113122,'rei','2a44g',1,525.00),(113123,'inc','kd90z',4,20990.00),(113123,'qsa','xk48a',13,175.50),(113123,'rei','2a44l',1,675.00),(113124,'bic','41003',20,978.00),(113124,'bic','41089',29,337.50),(113124,'inc','kd55x',10,4900.00),(113125,'aci','4100x',39,37.50),(113125,'qsa','xk47',5,532.50),(113126,'aci','41003',112,160.50),(113126,'bio','110',84,82.50),(113126,'bio','113',1756,96.00),(113126,'bio','41002',414,22.50),(113126,'inc','kd90z',3,20990.00),(113126,'qsa','xk48a',17,175.50),(113126,'rei','2a44g',11,525.00),(113127,'bio','110',276,82.50),(113127,'bio','113',1290,96.00),(113127,'imm','773c',20,1462.50),(113127,'inc','kd90z',1,20990.00),(113128,'bic','41089',135,337.50),(113128,'bio','114',149,54.00),(113128,'bio','41002',195,22.50),(113128,'foo','114',366,390.00),(113128,'imm','779c',0,2812.50),(113128,'inc','kd55x',9,4900.00),(113128,'rei','2a44r',5,675.00),(113129,'imm','887h',209,81.00),(113129,'inc','kd55g',12,4500.00),(113129,'qsa','xk48a',34,175.50),(113130,'aci','41003',188,160.50),(113130,'aci','4100y',18,412.50),(113130,'bio','111',343,142.50),(113130,'foo','114',335,390.00),(113130,'qsa','xk47',17,532.50),(113130,'rei','2a44l',4,675.00),(113131,'aci','4100y',44,412.50),(113131,'bic','41672',29,270.00),(113131,'imm','887x',7,712.50),(113131,'inc','kd55x',0,4900.00),(113131,'qsa','xk47',13,532.50),(113131,'rei','2a44l',1,675.00),(113131,'rei','2a45c',426,118.50),(113132,'qsa','xk48',206,201.00),(113132,'rei','2a44l',1,675.00),(113133,'aci','41004',118,175.50),(113133,'aci','4100z',44,1800.00),(113133,'bio','112',247,127.50),(113133,'bio','113',1253,96.00),(113133,'bio','41001',323,30.00),(113133,'inc','kd65x',2,6900.00),(113134,'aci','41002',322,114.00),(113134,'aci','41004',122,175.50),(113134,'bio','110',1811,82.50),(113134,'bio','41001',24,30.00),(113134,'imm','773c',9,1462.50),(113134,'imm','887x',18,712.50),(113134,'rei','2a44g',5,525.00),(113135,'bio','111',146,142.50),(113135,'bio','41001',213,30.00),(113135,'foo','114',39,390.00),(113135,'imm','887h',468,81.00),(113135,'rei','2a44r',10,675.00),(113136,'aci','41004',130,175.50),(113136,'bic','41003',12,978.00),(113136,'bic','41672',49,270.00),(113137,'aci','41003',228,160.50),(113137,'imm','773c',7,1462.50),(113137,'inc','kd55x',7,4900.00),(113137,'inc','kd65x',11,6900.00),(113137,'qsa','xk48',231,201.00),(113137,'rei','2a45c',352,118.50),(113138,'aci','41002',394,114.00),(113138,'aci','41004',104,175.50),(113138,'inc','kd55x',7,4900.00),(113139,'bio','41001',369,30.00),(113139,'foo','114',126,390.00),(113139,'qsa','xk48',102,201.00),(113139,'qsa','xk48a',44,175.50),(113140,'aci','41002',394,114.00),(113141,'aci','41001',763,82.50),(113141,'aci','41004',38,175.50),(113141,'bio','114',43,54.00),(113142,'bic','41672',21,270.00),(113143,'aci','4100x',27,37.50),(113143,'inc','kd55x',6,4900.00),(113144,'bio','111',32,142.50),(113144,'bio','112',546,127.50),(113144,'inc','kd65z',6,9900.00),(113144,'rei','2a44l',5,675.00),(113145,'bio','110',1087,82.50),(113146,'aci','41002',143,114.00),(113146,'aci','4100x',31,37.50),(113146,'bic','41089',197,337.50),(113146,'bio','41002',541,22.50),(113146,'foo','112',225,148.00),(113146,'rei','2a44l',0,675.00),(113147,'bic','41003',31,978.00),(113148,'bio','41002',607,22.50),(113148,'bio','41003',1350,60.00),(113148,'foo','114',316,390.00),(113148,'inc','kd65z',3,9900.00),(113148,'qsa','xk47',10,532.50),(113149,'aci','41002',183,114.00),(113149,'bio','41003',848,60.00),(113149,'imm','887x',2,712.50),(113150,'bic','41672',11,270.00),(113150,'bio','114',325,54.00),(113150,'bio','41003',1015,60.00),(113151,'aci','4100y',52,412.50),(113151,'bio','111',103,142.50),(113151,'imm','887p',48,375.00),(113151,'rei','2a44g',19,525.00),(113152,'bic','41089',74,337.50),(113152,'inc','kd65x',8,6900.00),(113153,'aci','41002',38,114.00),(113153,'aci','4100x',64,37.50),(113153,'aci','4100y',65,412.50),(113153,'imm','887h',253,81.00),(113153,'qsa','xk47',5,532.50),(113153,'qsa','xk48',60,201.00),(113154,'aci','41004',29,175.50),(113154,'bio','112',21,127.50),(113154,'imm','775c',4,2137.50),(113154,'imm','887h',60,81.00),(113154,'inc','kd90z',4,20990.00),(113154,'rei','2a44g',19,525.00),(113155,'inc','kd55g',5,4500.00),(113155,'rei','2a45c',280,118.50),(113156,'bio','111',278,142.50),(113156,'qsa','xk48',138,201.00),(113157,'aci','41001',162,82.50),(113157,'qsa','xk48',242,201.00),(113157,'rei','2a45c',94,118.50),(113158,'rei','2a44l',1,675.00),(113159,'bic','41089',112,337.50),(113159,'imm','775c',4,2137.50),(113159,'imm','779c',3,2812.50),(113159,'inc','kd65z',3,9900.00),(113159,'inc','kd90z',1,20990.00),(113160,'bic','41003',14,978.00),(113160,'bio','113',1493,96.00),(113161,'aci','4100z',24,1800.00),(113161,'bio','112',165,127.50),(113161,'imm','773c',11,1462.50),(113161,'imm','887x',8,712.50),(113162,'aci','41002',190,114.00),(113162,'aci','4100y',3,412.50),(113162,'bic','41672',27,270.00),(113162,'bio','41001',373,30.00),(113162,'bio','41003',1134,60.00),(113162,'imm','779c',26,2812.50),(113162,'qsa','xk48a',38,175.50),(113163,'aci','41004',72,175.50),(113163,'bic','41089',221,337.50),(113163,'imm','779c',13,2812.50),(113163,'imm','887h',341,81.00),(113163,'inc','kd55g',19,4500.00),(113163,'qsa','xk48',239,201.00),(113163,'rei','2a44r',4,675.00),(113164,'imm','775c',0,2137.50),(113165,'qsa','xk47',23,532.50),(113166,'aci','4100y',36,412.50),(113166,'imm','887h',183,81.00),(113166,'inc','kd65x',0,6900.00),(113166,'inc','kd65z',3,9900.00),(113167,'aci','4100z',68,1800.00),(113167,'bic','41003',22,978.00),(113167,'bic','41089',158,337.50),(113167,'bio','41002',385,22.50),(113167,'foo','112',211,148.00),(113167,'inc','kd55x',10,4900.00),(113168,'aci','4100z',54,1800.00),(113168,'bic','41089',122,337.50),(113168,'bio','41002',559,22.50),(113168,'qsa','xk47',11,532.50),(113168,'qsa','xk48',259,201.00),(113168,'rei','2a45c',371,118.50),(113169,'aci','4100y',44,412.50),(113169,'bic','41089',4,337.50),(113169,'bio','41003',1554,60.00),(113169,'foo','114',31,390.00),(113169,'qsa','xk48',320,201.00),(113169,'rei','2a44r',8,675.00),(113170,'aci','4100z',40,1800.00),(113170,'bic','41089',21,337.50),(113170,'imm','775c',3,2137.50),(113170,'rei','2a44l',5,675.00),(113171,'aci','4100y',64,412.50),(113171,'bio','110',950,82.50),(113171,'imm','779c',16,2812.50),(113171,'inc','kd90z',4,20990.00),(113171,'rei','2a44l',5,675.00),(113172,'aci','4100x',0,37.50),(113172,'bic','41089',184,337.50),(113172,'bio','41003',1406,60.00),(113173,'aci','4100y',39,412.50),(113173,'imm','887h',320,81.00),(113173,'inc','kd55x',2,4900.00),(113174,'inc','kd65z',3,9900.00),(113175,'aci','41003',57,160.50),(113175,'bic','41003',3,978.00),(113175,'bio','41001',981,30.00),(113175,'bio','41002',121,22.50),(113175,'imm','779c',11,2812.50),(113175,'qsa','xk47',11,532.50),(113175,'qsa','xk48',82,201.00),(113176,'inc','kd65z',2,9900.00),(113176,'inc','kd90z',0,20990.00),(113177,'aci','41001',667,82.50),(113177,'bic','41003',1,978.00),(113177,'bic','41672',22,270.00),(113177,'bio','114',156,54.00),(113177,'imm','773c',24,1462.50),(113177,'imm','887x',6,712.50),(113177,'inc','kd55g',8,4500.00),(113178,'rei','2a44g',20,525.00),(113179,'bio','111',254,142.50),(113179,'imm','775c',5,2137.50),(113180,'imm','887h',269,81.00),(113181,'bic','41672',45,270.00),(113181,'bio','113',481,96.00),(113181,'foo','114',25,390.00),(113182,'aci','41002',73,114.00),(113182,'bic','41003',14,978.00),(113182,'imm','779c',9,2812.50),(113182,'inc','kd65x',4,6900.00),(113182,'rei','2a44g',35,525.00),(113183,'rei','2a44r',3,675.00),(113184,'aci','41001',578,82.50),(113184,'aci','41003',497,160.50),(113184,'bio','114',151,54.00),(113184,'imm','779c',10,2812.50),(113184,'imm','887h',446,81.00),(113184,'imm','887x',3,712.50),(113184,'inc','kd65x',7,6900.00),(113185,'bic','41089',30,337.50),(113185,'bio','41001',880,30.00),(113185,'bio','41002',185,22.50),(113185,'foo','114',196,390.00),(113185,'imm','773c',29,1462.50),(113185,'inc','kd90z',0,20990.00),(113185,'rei','2a44g',17,525.00),(113186,'aci','41003',34,160.50),(113186,'qsa','xk47',5,532.50),(113186,'rei','2a44g',29,525.00),(113187,'aci','41003',318,160.50),(113187,'aci','41004',126,175.50),(113187,'bio','114',154,54.00),(113187,'bio','41002',506,22.50),(113187,'imm','887x',8,712.50),(113187,'qsa','xk47',23,532.50),(113187,'qsa','xk48a',19,175.50),(113188,'bio','114',315,54.00),(113189,'aci','41004',88,175.50),(113189,'bio','110',625,82.50),(113189,'imm','887x',11,712.50),(113189,'inc','kd55g',14,4500.00),(113189,'inc','kd55x',10,4900.00),(113189,'rei','2a44l',4,675.00),(113189,'rei','2a45c',134,118.50),(113190,'aci','41001',381,82.50),(113190,'aci','4100y',39,412.50),(113190,'bic','41003',12,978.00),(113190,'bic','41672',0,270.00),(113190,'bio','110',2225,82.50),(113190,'bio','113',419,96.00),(113190,'qsa','xk47',12,532.50),(113191,'inc','kd65x',2,6900.00),(113192,'aci','41003',192,160.50),(113192,'aci','41004',93,175.50),(113192,'imm','775c',1,2137.50),(113192,'inc','kd90z',2,20990.00),(113192,'qsa','xk48a',43,175.50),(113193,'imm','775c',2,2137.50),(113194,'aci','41004',119,175.50),(113194,'bio','114',180,54.00),(113194,'imm','887h',453,81.00),(113195,'aci','4100x',22,37.50),(113195,'bic','41672',38,270.00),(113195,'bio','114',258,54.00),(113195,'bio','41003',623,60.00),(113195,'imm','775c',0,2137.50),(113195,'inc','kd65x',1,6900.00),(113195,'qsa','xk48a',69,175.50),(113196,'aci','4100y',23,412.50),(113196,'bio','41003',1579,60.00),(113196,'imm','775c',3,2137.50),(113196,'qsa','xk48',315,201.00),(113197,'aci','41002',172,114.00),(113198,'bic','41672',20,270.00),(113198,'bio','110',29,82.50),(113198,'bio','114',10,54.00),(113198,'foo','112',111,148.00),(113198,'imm','773c',29,1462.50),(113198,'inc','kd90z',3,20990.00),(113198,'rei','2a44l',2,675.00),(113199,'aci','4100z',49,1800.00),(113199,'bio','41002',116,22.50),(113199,'imm','887h',502,81.00),(113199,'inc','kd55x',0,4900.00),(113199,'inc','kd65z',1,9900.00),(113200,'aci','4100x',47,37.50),(113200,'imm','887h',425,81.00),(113200,'inc','kd55g',6,4500.00),(113200,'inc','kd90z',1,20990.00),(113200,'rei','2a44r',2,675.00),(113201,'bio','114',47,54.00),(113201,'inc','kd55x',17,4900.00),(113201,'qsa','xk47',11,532.50),(113201,'qsa','xk48a',47,175.50),(113201,'rei','2a44r',5,675.00),(113202,'aci','41002',184,114.00),(113202,'bio','41003',788,60.00),(113202,'imm','887h',249,81.00),(113202,'inc','kd65x',4,6900.00),(113202,'inc','kd90z',0,20990.00),(113202,'rei','2a44g',20,525.00),(113203,'aci','41004',38,175.50),(113203,'bio','112',439,127.50),(113203,'bio','41003',78,60.00),(113203,'imm','887p',29,375.00),(113203,'inc','kd90z',4,20990.00),(113204,'foo','114',155,390.00),(113204,'imm','773c',7,1462.50),(113204,'imm','775c',1,2137.50),(113204,'imm','887p',15,375.00),(113204,'qsa','xk47',14,532.50),(113204,'qsa','xk48a',66,175.50),(113205,'aci','41003',438,160.50),(113205,'bio','41001',358,30.00),(113205,'imm','887p',43,375.00),(113205,'inc','kd55g',0,4500.00),(113205,'inc','kd90z',0,20990.00),(113205,'qsa','xk48',100,201.00),(113206,'bio','41001',746,30.00),(113207,'aci','41004',47,175.50),(113207,'bio','41002',575,22.50),(113207,'imm','887p',18,375.00),(113207,'qsa','xk48',241,201.00),(113208,'bic','41672',22,270.00),(113208,'imm','779c',12,2812.50),(113208,'inc','kd55g',8,4500.00),(113208,'inc','kd90z',0,20990.00),(113209,'aci','41002',319,114.00),(113209,'aci','4100x',21,37.50),(113209,'bio','111',305,142.50),(113209,'bio','114',55,54.00),(113209,'bio','41003',771,60.00),(113209,'imm','887x',23,712.50),(113209,'rei','2a44g',25,525.00),(113210,'aci','41002',24,114.00),(113210,'imm','887p',42,375.00),(113210,'inc','kd55g',16,4500.00),(113210,'inc','kd55x',16,4900.00),(113210,'rei','2a44g',30,525.00),(113210,'rei','2a44r',0,675.00),(113211,'aci','4100z',69,1800.00),(113211,'bio','41001',362,30.00),(113211,'foo','112',193,148.00),(113211,'imm','775c',0,2137.50),(113211,'inc','kd65z',0,9900.00),(113211,'rei','2a44g',16,525.00),(113212,'aci','41001',150,82.50),(113212,'bic','41003',25,978.00),(113213,'bio','113',325,96.00),(113213,'bio','114',324,54.00),(113213,'bio','41001',1087,30.00),(113213,'rei','2a44l',3,675.00),(113213,'rei','2a44r',9,675.00),(113214,'inc','kd90z',2,20990.00),(113215,'qsa','xk48a',64,175.50),(113216,'aci','4100x',16,37.50),(113216,'aci','4100y',41,412.50),(113216,'bic','41003',35,978.00),(113216,'bio','113',1299,96.00),(113217,'bio','41001',578,30.00),(113218,'aci','4100y',30,412.50),(113218,'aci','4100z',20,1800.00),(113218,'bio','112',601,127.50),(113218,'imm','887x',24,712.50),(113218,'rei','2a45c',181,118.50),(113219,'aci','41001',803,82.50),(113219,'bic','41003',25,978.00),(113219,'foo','114',0,390.00),(113219,'imm','779c',14,2812.50),(113219,'inc','kd55g',20,4500.00),(113219,'rei','2a45c',100,118.50),(113220,'bio','114',215,54.00),(113220,'rei','2a44l',3,675.00),(113221,'bio','112',487,127.50),(113221,'imm','887x',13,712.50),(113221,'rei','2a44g',15,525.00),(113222,'bic','41089',155,337.50),(113222,'bio','110',2134,82.50),(113222,'bio','41002',51,22.50),(113222,'rei','2a45c',356,118.50),(113223,'bio','111',47,142.50),(113223,'bio','41002',231,22.50),(113223,'qsa','xk47',10,532.50),(113224,'bio','113',1637,96.00),(113224,'bio','41001',584,30.00),(113224,'inc','kd90z',1,20990.00),(113224,'qsa','xk47',15,532.50),(113224,'rei','2a44g',26,525.00),(113224,'rei','2a45c',428,118.50),(113225,'bio','110',908,82.50),(113225,'bio','112',474,127.50),(113225,'bio','41001',371,30.00),(113225,'rei','2a44l',0,675.00),(113226,'rei','2a44l',1,675.00),(113227,'aci','41004',133,175.50),(113227,'aci','4100x',61,37.50),(113227,'bio','41002',634,22.50),(113227,'bio','41003',25,60.00),(113227,'inc','kd65x',7,6900.00),(113227,'qsa','xk47',20,532.50),(113227,'rei','2a44l',1,675.00),(113228,'imm','773c',25,1462.50),(113228,'rei','2a45c',279,118.50),(113229,'qsa','xk48',27,201.00),(113230,'aci','4100y',65,412.50),(113230,'bic','41672',8,270.00),(113230,'bio','113',236,96.00),(113230,'bio','41001',831,30.00),(113230,'inc','kd90z',2,20990.00),(113230,'rei','2a45c',322,118.50),(113231,'aci','41001',422,82.50),(113232,'inc','kd55x',17,4900.00),(113233,'bio','110',1900,82.50),(113234,'inc','kd65x',8,6900.00),(113235,'bio','111',11,142.50),(113235,'qsa','xk47',16,532.50),(113235,'qsa','xk48',349,201.00),(113235,'rei','2a44r',5,675.00),(113236,'bio','110',1105,82.50),(113236,'bio','111',272,142.50),(113236,'bio','113',1586,96.00),(113236,'bio','41001',1161,30.00),(113236,'imm','775c',5,2137.50),(113236,'inc','kd65z',2,9900.00),(113237,'aci','41004',142,175.50),(113237,'bio','111',50,142.50),(113237,'bio','41003',1077,60.00),(113237,'imm','887x',24,712.50),(113237,'inc','kd55x',2,4900.00),(113237,'qsa','xk47',10,532.50),(113238,'aci','41004',147,175.50),(113239,'aci','41002',120,114.00),(113239,'bio','41003',1226,60.00),(113239,'inc','kd55g',15,4500.00),(113239,'qsa','xk47',22,532.50);
/*!40000 ALTER TABLE `detall` ENABLE KEYS */;
UNLOCK TABLES;

--
-- Table structure for table `oficines`
--

DROP TABLE IF EXISTS `oficines`;
/*!40101 SET @saved_cs_client     = @@character_set_client */;
/*!50503 SET character_set_client = utf8mb4 */;
CREATE TABLE `oficines` (
  `oficina` int NOT NULL,
  `ciutat` varchar(15) NOT NULL,
  `regio` varchar(10) NOT NULL,
  `dir` int DEFAULT NULL,
  `objectiu` int DEFAULT NULL,
  `vendes` int NOT NULL,
  PRIMARY KEY (`oficina`)
) ENGINE=InnoDB DEFAULT CHARSET=latin1;
/*!40101 SET character_set_client = @saved_cs_client */;

--
-- Dumping data for table `oficines`
--

LOCK TABLES `oficines` WRITE;
/*!40000 ALTER TABLE `oficines` DISABLE KEYS */;
INSERT INTO `oficines` VALUES (11,'New York','Est',106,575000,692637),(12,'Chicago','Est',104,800000,735042),(13,'Atlanta','Est',105,350000,367911),(21,'Los Angeles','Oest',108,725000,835915),(22,'Denver','Oest',108,300000,186042);
/*!40000 ALTER TABLE `oficines` ENABLE KEYS */;
UNLOCK TABLES;

--
-- Table structure for table `pais`
--

DROP TABLE IF EXISTS `pais`;
/*!40101 SET @saved_cs_client     = @@character_set_client */;
/*!50503 SET character_set_client = utf8mb4 */;
CREATE TABLE `pais` (
  `num_pais` int NOT NULL AUTO_INCREMENT,
  `nompais` varchar(25) NOT NULL,
  PRIMARY KEY (`num_pais`)
) ENGINE=InnoDB AUTO_INCREMENT=16 DEFAULT CHARSET=latin1;
/*!40101 SET character_set_client = @saved_cs_client */;

--
-- Dumping data for table `pais`
--

LOCK TABLES `pais` WRITE;
/*!40000 ALTER TABLE `pais` DISABLE KEYS */;
INSERT INTO `pais` VALUES (1,'Alemanyya'),(2,'Espanya'),(3,'Regne Unit'),(4,'Italia'),(5,'França'),(6,'Luxemburg'),(7,'Rusia'),(8,'EEUU');
/*!40000 ALTER TABLE `pais` ENABLE KEYS */;
UNLOCK TABLES;

--
-- Table structure for table `productes`
--

DROP TABLE IF EXISTS `productes`;
/*!40101 SET @saved_cs_client     = @@character_set_client */;
/*!50503 SET character_set_client = utf8mb4 */;
CREATE TABLE `productes` (
  `id_fab` char(3) NOT NULL,
  `id_producte` char(5) NOT NULL,
  `descripcio` varchar(20) NOT NULL,
  `preu` decimal(8,2) unsigned DEFAULT NULL,
  `stock` int unsigned NOT NULL,
  `datamod` date DEFAULT NULL,
  `imatge` varchar(60) DEFAULT 'noimatge.png',
  PRIMARY KEY (`id_fab`,`id_producte`)
) ENGINE=InnoDB DEFAULT CHARSET=latin1;
/*!40101 SET character_set_client = @saved_cs_client */;

--
-- Dumping data for table `productes`
--

LOCK TABLES `productes` WRITE;
/*!40000 ALTER TABLE `productes` DISABLE KEYS */;
INSERT INTO `productes` VALUES ('aci','41001','Articulo Tipo 1',82.50,808,'2021-01-08','noimatge.png'),('aci','41002','Articulo Tipo 2',114.00,498,'2021-01-08','noimatge.png'),('aci','41003','Articulo Tipo 3',160.50,540,'2021-01-08','noimatge.png'),('aci','41004','Articulo Tipo 4',175.50,168,'2021-01-08','noimatge.png'),('aci','4100x','Ajustador',37.50,69,'2021-01-08','noimatge.png'),('aci','4100y','Desmontador',412.50,72,'2021-01-08','noimatge.png'),('aci','4100z','Montador',1800.00,84,'2021-01-08','noimatge.png'),('bic','41003','Tirador',978.00,36,'2021-01-08','tirador.png'),('bic','41089','Reten',337.50,234,'2021-01-08','noimatge.png'),('bic','41672','Placa',270.00,50,'2021-01-08','noimatge.png'),('bio','110','Pipeta serologica',82.50,2295,'2021-01-25','pipsero.png'),('bio','111','Pipeta de Shali',142.50,419,'2021-01-25','pipShali.png'),('bio','112','Pipeta 3 vias',127.50,729,'2021-01-25','pip3vias.png'),('bio','113','Pipeta de Thomas',96.00,2661,'2021-01-25','pipThomas.png'),('bio','114','Mechero Bunsen',54.00,360,'2021-01-25','bunKemper.png'),('bio','41001','Tubo ensayo c/250',30.00,1173,'2021-01-25','tubensc250.png'),('bio','41002','Tubo ensayo c/150',22.50,852,'2021-01-25','tubensc150.png'),('bio','41003','Pipeta Pasteur',60.00,1714,'2021-01-25','pippast.png'),('foo','112','Cubierta',148.00,256,'2020-01-01','noimatge.png'),('foo','114','Bancada Motor',390.00,435,'2021-01-08','noimatge.png'),('imm','773c','Abrazadera 300-lb',1462.50,36,'2021-01-08','noimatge.png'),('imm','775c','Abrazadera 500-lb',2137.50,6,'2021-01-08','noimatge.png'),('imm','779c','Abrazadera 900-lb',2812.50,27,'2021-01-08','noimatge.png'),('imm','887h','Soporte Abrazadera',81.00,552,'2021-01-08','noimatge.png'),('imm','887p','Perno Abrazadera',375.00,50,'2021-01-08','perno.png'),('imm','887x','Reten Abrazadera',712.50,33,'2021-01-08','noimatge.png'),('inc','kd55g','TV interactiva',4500.00,24,'2000-02-10','kd55ag9.png'),('inc','kd55x','TV interactiva',4900.00,18,'2000-02-10','kd55xt3.png'),('inc','kd65x','TV interactiva',6900.00,12,'2000-02-10','kd65xt3.png'),('inc','kd65z','TV hologràfica',9900.00,7,'2000-02-10','kd65znh.png'),('inc','kd90z','TV hologràfica',20990.00,5,'2000-02-10','kd90znh.png'),('qsa','xk47','Reductor',532.50,24,'2021-01-08','noimatge.png'),('qsa','xk48','Reductor',201.00,351,'2021-01-08','noimatge.png'),('qsa','xk48a','Reductor',175.50,75,'2021-01-08','noimatge.png'),('rei','2a44g','Pasador Bisagra',525.00,42,'2021-01-08','pasador.png'),('rei','2a44l','Bisagra Izqda.',675.00,6,'2021-01-08','bisagra.png'),('rei','2a44r','Bisagra Dcha.',675.00,13,'2021-01-08','bisagra.png'),('rei','2a45c','Union  Trinquete',118.50,450,'2021-01-08','noimatge.png');
/*!40000 ALTER TABLE `productes` ENABLE KEYS */;
UNLOCK TABLES;

--
-- Table structure for table `venedors`
--

DROP TABLE IF EXISTS `venedors`;
/*!40101 SET @saved_cs_client     = @@character_set_client */;
/*!50503 SET character_set_client = utf8mb4 */;
CREATE TABLE `venedors` (
  `num_ven` int NOT NULL,
  `nom` varchar(15) NOT NULL,
  `any_naix` int DEFAULT NULL,
  `oficina_ven` int DEFAULT NULL,
  `titol` varchar(10) DEFAULT NULL,
  `contracte` date NOT NULL,
  `director` int DEFAULT NULL,
  `quota` int DEFAULT NULL,
  `vendes` int NOT NULL,
  PRIMARY KEY (`num_ven`),
  KEY `oficina_ven` (`oficina_ven`),
  CONSTRAINT `venedors_ibfk_1` FOREIGN KEY (`oficina_ven`) REFERENCES `oficines` (`oficina`) ON DELETE SET NULL ON UPDATE CASCADE
) ENGINE=InnoDB DEFAULT CHARSET=latin1;
/*!40101 SET character_set_client = @saved_cs_client */;

--
-- Dumping data for table `venedors`
--

LOCK TABLES `venedors` WRITE;
/*!40000 ALTER TABLE `venedors` DISABLE KEYS */;
INSERT INTO `venedors` VALUES (101,'Dan Roberts',1945,12,'Venedor','1986-10-20',104,300000,354637),(102,'Sue Smith',1948,21,'Venedor','1986-12-10',108,350000,581968),(103,'Paul Cruz',1968,12,'Venedor','1987-03-01',104,275000,289594),(104,'Bob Smith',1960,12,'Director','1987-05-19',106,200000,142594),(105,'Bill Adams',1965,13,'Venedor','1995-02-12',104,350000,396919),(106,'Sam Clark',1952,11,'Gerent','1988-06-14',NULL,275000,311697),(107,'Nancy Angelli',1975,22,'Venedor','2000-11-14',108,300000,193415),(108,'Larry Fitch',1962,21,'Director','1989-12-10',106,350000,407089),(109,'Mary Jones',1980,11,'Venedor','2000-10-12',106,300000,394275),(110,'Tom Snyder',1970,NULL,'Venedor','1990-01-13',101,NULL,91329);
/*!40000 ALTER TABLE `venedors` ENABLE KEYS */;
UNLOCK TABLES;
/*!40103 SET TIME_ZONE=@OLD_TIME_ZONE */;

/*!40101 SET SQL_MODE=@OLD_SQL_MODE */;
/*!40014 SET FOREIGN_KEY_CHECKS=@OLD_FOREIGN_KEY_CHECKS */;
/*!40014 SET UNIQUE_CHECKS=@OLD_UNIQUE_CHECKS */;
/*!40101 SET CHARACTER_SET_CLIENT=@OLD_CHARACTER_SET_CLIENT */;
/*!40101 SET CHARACTER_SET_RESULTS=@OLD_CHARACTER_SET_RESULTS */;
/*!40101 SET COLLATION_CONNECTION=@OLD_COLLATION_CONNECTION */;
/*!40111 SET SQL_NOTES=@OLD_SQL_NOTES */;

-- Dump completed on 2021-11-02 20:32:05
